{"cameraMode":{"drawMode":0,"name":"Shaded","section":"Shading Mode"},"sceneLighting":true,"audioPlay":false,"sceneViewState":{"m_AlwaysRefresh":false,"showFog":true,"showSkybox":true,"showFlares":true,"showImageEffects":true,"showParticleSystems":true,"showVisualEffectGraphs":true,"m_FxEnabled":true},"in2DMode":false,"pivot":{"x":-1.6786168813705445,"y":-1.6167306900024415,"z":27.764114379882814},"rotation":{"x":0.35470083355903628,"y":-0.057453982532024387,"z":0.021843723952770234,"w":0.9329661726951599},"size":12.861287117004395,"orthographic":false}