{"cameraMode":{"drawMode":0,"name":"Shaded","section":"Shading Mode"},"sceneLighting":true,"audioPlay":false,"sceneViewState":{"m_AlwaysRefresh":false,"showFog":true,"showSkybox":true,"showFlares":true,"showImageEffects":true,"showParticleSystems":true,"showVisualEffectGraphs":true,"m_FxEnabled":true},"in2DMode":false,"pivot":{"x":4.934211254119873,"y":2.0002639293670656,"z":126.39420318603516},"rotation":{"x":0.044276293367147449,"y":-0.7340084910392761,"z":0.04806980863213539,"w":0.6760196685791016},"size":36.510284423828128,"orthographic":false}